num_paths,avg_prediction,avg_std_error,std_of_std_error
10,5.96812,2.14144,15.6032
1000,0.508256,0.0128824,11.392
100000,0.048622,0.000103357,10.956
